proportion,repeat,f1
0.0,0,0.8068336491948664
0.1,0,0.816892451338247
0.2,0,0.8330245859054763
0.3,0,0.8155644265552449
0.4,0,0.8307092748606443
0.5,0,0.8199273967938709
0.6,0,0.8182057627886801
0.7,0,0.7976757237240074
0.8,0,0.8034910422066872
0.9,0,0.8099249057435984
1.0,0,0.8288628251743856
0.0,1,0.8216826931218825
0.1,1,0.8297443037268031
0.2,1,0.8287406687894999
0.3,1,0.8269030619986697
0.4,1,0.8195625225254347
0.5,1,0.8262543851285249
0.6,1,0.822979240417631
0.7,1,0.8337581810444514
0.8,1,0.8178714582743202
0.9,1,0.8226663798366866
1.0,1,0.8301560129395971
0.0,2,0.8149520495913313
0.1,2,0.8005441407620426
0.2,2,0.8111423772522488
0.3,2,0.8208871473175577
0.4,2,0.8152367046226854
0.5,2,0.8052204144669481
0.6,2,0.815245232989708
0.7,2,0.8237125151794722
0.8,2,0.8119494356270919
0.9,2,0.8296525591076789
1.0,2,0.8259102231981938
0.0,3,0.8003468999571883
0.1,3,0.8247603869406391
0.2,3,0.8259037214737168
0.3,3,0.828930567875207
0.4,3,0.8122935174709476
0.5,3,0.8241045023179403
0.6,3,0.8187826389886431
0.7,3,0.8024304092312834
0.8,3,0.800525405898299
0.9,3,0.8336378142638122
1.0,3,0.8156386765885019
0.0,4,0.8102261662968147
0.1,4,0.8143728733173106
0.2,4,0.8088697452194247
0.3,4,0.8013794191338595
0.4,4,0.8209909628488492
0.5,4,0.8142011850537438
0.6,4,0.8218597631074451
0.7,4,0.8135383330035462
0.8,4,0.8051445576487504
0.9,4,0.82108590899912
1.0,4,0.8256007308481802
0.0,5,0.8211190662083439
0.1,5,0.8039506242974271
0.2,5,0.8177532997900023
0.3,5,0.8259002463791971
0.4,5,0.819365088176466
0.5,5,0.8125456108544007
0.6,5,0.7992957786167711
0.7,5,0.8174354881472489
0.8,5,0.8191776206106611
0.9,5,0.8232201899948659
1.0,5,0.8112640858447671
0.0,6,0.7944463983641856
0.1,6,0.8088491559914687
0.2,6,0.8232049818363436
0.3,6,0.8295942330060748
0.4,6,0.8329482450499559
0.5,6,0.7926924590854805
0.6,6,0.8266032612761005
0.7,6,0.8191849496504738
0.8,6,0.8284538829407497
0.9,6,0.8282669156990223
1.0,6,0.8317792630626856
0.0,7,0.817795890421988
0.1,7,0.8044624615216138
0.2,7,0.8103734346559459
0.3,7,0.8089617491029664
0.4,7,0.8228527934872872
0.5,7,0.8227691685772872
0.6,7,0.8343581613795896
0.7,7,0.7988062363994685
0.8,7,0.8160606163525523
0.9,7,0.8141927550723451
1.0,7,0.8200098770984852
0.0,8,0.8141971786491369
0.1,8,0.8073416569396152
0.2,8,0.8200888469246013
0.3,8,0.8161811186014764
0.4,8,0.8240784653432787
0.5,8,0.8239772453219929
0.6,8,0.801752197011597
0.7,8,0.8019259146513102
0.8,8,0.8326583234685274
0.9,8,0.8131611688085241
0.0,9,0.8140960808533715
0.1,9,0.8326898252549386
0.2,9,0.8015797757523203
0.3,9,0.8144847882768431
0.4,9,0.8182729692913624
0.5,9,0.8231596734851099
0.6,9,0.8240864504310432
0.7,9,0.8194930473322319
0.8,9,0.8151919126559044
0.9,9,0.8210791373914963
1.0,9,0.8226426397562037
0.0,10,0.8146497735916984
0.1,10,0.814889733122639
0.2,10,0.806528911194057
0.3,10,0.8292676519513966
0.4,10,0.8134961110235024
0.5,10,0.810222197947274
0.6,10,0.8191741440708246
0.7,10,0.8205750706003965
0.8,10,0.803582236134578
0.9,10,0.8240790997607403
1.0,10,0.82003765230959
0.0,11,0.8130223390453569
0.1,11,0.8148582822675507
0.2,11,0.8124850937109461
0.3,11,0.8179982716580116
0.4,11,0.8232727481221072
0.5,11,0.8227524268804475
0.6,11,0.8080735141704969
0.7,11,0.8165246254165024
0.8,11,0.8062480527822913
0.9,11,0.823060876235195
1.0,11,0.8233225568359435
0.0,12,0.798169472147285
0.1,12,0.8073361987061631
0.2,12,0.8189627194422338
0.3,12,0.8083261717131398
0.4,12,0.8235535731278536
0.5,12,0.8275789628390828
0.6,12,0.8135411933443542
0.7,12,0.8180405959235499
0.8,12,0.8225812967813865
0.9,12,0.807098709820422
1.0,12,0.79938597657305
0.0,13,0.8125463903093169
0.1,13,0.8233733508663408
0.2,13,0.8268140631487184
0.3,13,0.8034511017611388
0.4,13,0.8258134771736623
0.5,13,0.81020297866886
0.6,13,0.8262699223099321
0.7,13,0.8170681262011978
0.8,13,0.8168209024978641
0.9,13,0.8068629980034439
1.0,13,0.8364990587508427
0.0,14,0.8234023496449535
0.1,14,0.7916566068166537
0.2,14,0.7991448178678653
0.3,14,0.8097921576884268
0.4,14,0.8187961215495811
0.5,14,0.8170531664237658
0.6,14,0.8176756789804642
0.7,14,0.8263026046403659
0.8,14,0.830923920525199
0.9,14,0.8176793841443236
1.0,14,0.8258238593514372
0.0,15,0.8074383430594849
0.1,15,0.8211114122189299
0.2,15,0.7943998302044495
0.3,15,0.8125205254683292
0.4,15,0.8221294854486336
0.5,15,0.8184657673806015
0.6,15,0.8174948051835125
0.7,15,0.8220985704677255
0.8,15,0.8074454651934232
0.9,15,0.8101084399006759
1.0,15,0.8214930388006702
0.0,16,0.8165216067016599
0.1,16,0.8233104192079003
0.2,16,0.8215762423308777
0.3,16,0.8143341394573795
0.4,16,0.8194215534432362
0.5,16,0.8115714290899079
0.6,16,0.8280694549977514
0.7,16,0.8122257006146927
0.8,16,0.804540507586252
0.9,16,0.8259211476788388
1.0,16,0.8144051750846959
0.0,17,0.7980555500247677
0.1,17,0.8091570991426742
0.2,17,0.8135743789474352
0.3,17,0.8195600354599794
0.4,17,0.8082837680340932
0.5,17,0.8198338480869838
0.6,17,0.8377961045948958
0.7,17,0.8169751675950507
0.0,18,0.806822505850598
0.1,18,0.8169772505448079
0.2,18,0.8330245859054763
0.3,18,0.8155137246372817
0.4,18,0.8309780803071487
0.5,18,0.8194877841188751
0.6,18,0.8196468630633174
0.7,18,0.797767570824786
0.8,18,0.8034151151182902
0.9,18,0.81060959584961
1.0,18,0.8289900843729128
0.0,19,0.8218547337137205
0.1,19,0.8301634394385122
0.2,19,0.8288240683161928
0.3,19,0.8268717493922599
0.4,19,0.8194446048417839
0.5,19,0.826199276948292
0.6,19,0.8229213156920869
0.7,19,0.8337907578278101
0.8,19,0.8175795334727836
0.9,19,0.8226774354236328
1.0,19,0.8301882792309297
0.0,20,0.8168433863761104
0.1,20,0.8005441407620426
0.2,20,0.8111360062312563
0.3,20,0.8208768755465891
0.4,20,0.8154997672551434
0.5,20,0.8053786004727367
0.6,20,0.815436721925852
0.7,20,0.8237603607982188
0.8,20,0.8118479367090696
0.9,20,0.8296919571531256
1.0,20,0.8264654796683856
0.0,21,0.8004334198738134
0.1,21,0.8248298812930281
0.2,21,0.8259431056972959
0.3,21,0.8289361501245024
0.4,21,0.8122935174709476
0.5,21,0.8238300071678641
0.6,21,0.8186507536852644
0.7,21,0.802281161132084
0.8,21,0.799552854348069
0.9,21,0.8335414688738162
1.0,21,0.8155954882073566
0.0,22,0.8102261662968147
0.1,22,0.8143728733173106
0.2,22,0.8085651343157334
0.3,22,0.8015110134400175
0.4,22,0.8210481429417441
0.5,22,0.8141921091293918
0.6,22,0.8214655543405265
0.7,22,0.8135569550529524
0.8,22,0.8051703242616383
0.9,22,0.8209567950704076
1.0,22,0.8255297181194732
0.0,23,0.8219254967117176
0.1,23,0.8039506242974271
0.2,23,0.8177532997900023
0.3,23,0.8259999047551492
0.4,23,0.819397047063547
0.5,23,0.812576325534554
0.6,23,0.7993129219354529
0.7,23,0.8174693728088174
0.8,23,0.8190915088943229
0.9,23,0.8231094995274628
1.0,23,0.8114950070274004
0.0,24,0.7932208231320441
0.1,24,0.8096159448248472
0.2,24,0.8232755320676322
0.3,24,0.8293911643908238
0.4,24,0.833100381492577
0.5,24,0.7926291923116469
0.6,24,0.826607908334773
0.7,24,0.8191849496504738
0.8,24,0.8284538829407497
0.9,24,0.8285180055311754
1.0,24,0.8317792630626856
0.0,25,0.817795890421988
0.1,25,0.8047181537056737
0.2,25,0.8102840375198185
0.3,25,0.8090734943140085
0.4,25,0.8223136247630983
0.5,25,0.8227595062557549
0.6,25,0.8343406260212608
0.7,25,0.7994197532676481
0.8,25,0.8166138053974937
0.9,25,0.8141082597521732
1.0,25,0.8107551250135663
0.0,26,0.8141971786491369
0.1,26,0.8073016702783457
0.2,26,0.8201121848707202
0.3,26,0.816310425305058
0.4,26,0.8240529584963743
0.5,26,0.8241640207575429
0.6,26,0.8017887825180074
0.7,26,0.8020362665341334
0.8,26,0.8323541336888168
0.9,26,0.8130951183599244
0.0,27,0.8066505195068845
0.1,27,0.8169772505448079
0.2,27,0.8323925723359975
0.3,27,0.8157115765476572
0.4,27,0.8307763474185274
0.5,27,0.8194468607358486
0.6,27,0.8185399301543077
0.7,27,0.7976445246053285
0.8,27,0.8034697891483833
0.9,27,0.8101501082119333
1.0,27,0.8315294983814288
0.0,28,0.8216247225216382
0.1,28,0.8297443037268031
0.2,28,0.8288745697027542
0.3,28,0.826788513113998
0.4,28,0.8195780136743485
0.5,28,0.8261846018762767
0.6,28,0.8229795716110669
0.7,28,0.8337450243741399
0.8,28,0.8175990501980123
0.9,28,0.828694783593229
1.0,28,0.8301560129395971
0.0,29,0.8150186739986316
0.1,29,0.8005255560479052
0.2,29,0.8111759609615474
0.3,29,0.8209244885798822
0.4,29,0.8152367046226854
0.5,29,0.8053786004727367
0.6,29,0.815245232989708
0.7,29,0.8239333813732246
0.8,29,0.8123708865169088
0.9,29,0.8296919571531256
1.0,29,0.8259102231981938
0.0,30,0.8005159685223366
0.1,30,0.8246945385094291
0.2,30,0.8258209310019765
0.3,30,0.8290682379947081
0.4,30,0.8124712787426056
0.5,30,0.8241402702366334
0.6,30,0.8188830168763054
0.7,30,0.8024304092312834
0.8,30,0.7997772238037351
0.9,30,0.8336097785618849
1.0,30,0.8156386765885019
0.0,31,0.8102726331290206
0.1,31,0.8143381381488295
0.2,31,0.8089835919066644
0.3,31,0.8013563406947961
0.4,31,0.821011477136922
0.5,31,0.8141921091293918
0.6,31,0.8221071814111636
0.7,31,0.8135422542240006
0.8,31,0.8053819163322176
0.9,31,0.8214631456392585
1.0,31,0.8256169408362686
0.0,32,0.8219254967117176
0.1,32,0.8039830681872573
0.2,32,0.8177532997900023
0.3,32,0.8259650084869493
0.4,32,0.8193430704300448
0.5,32,0.812497791612314
0.6,32,0.799468118223753
0.7,32,0.8172886275233677
0.8,32,0.8189536966960318
0.9,32,0.8240644345862429
1.0,32,0.8113530464546954
0.0,33,0.7931952081513545
0.1,33,0.8097293201357865
0.2,33,0.8231987191485228
0.3,33,0.8294599085774583
0.4,33,0.8330607600148405
0.5,33,0.7926291923116469
0.6,33,0.8264760322822633
0.7,33,0.8191849496504738
0.8,33,0.8284852674620101
0.9,33,0.8281852314873586
1.0,33,0.8264444367121303
0.0,34,0.8177345968308551
0.1,34,0.8044292368717945
0.2,34,0.809789744367332
0.3,34,0.8090734943140085
0.4,34,0.8227386192954118
0.5,34,0.8227534782670509
0.6,34,0.8337548391779251
0.7,34,0.7993895923668368
0.8,34,0.8160361526714408
0.9,34,0.8132726807215229
1.0,34,0.8200098770984852
0.0,35,0.8141971786491369
0.1,35,0.8072957886188761
0.2,35,0.8200888469246013
0.3,35,0.8165966772385336
0.4,35,0.8242507927224058
0.5,35,0.8241289583665905
0.6,35,0.8017050526613728
0.7,35,0.8018676249949459
0.8,35,0.8324615274173943
0.9,35,0.8131704740021543
1.0,35,0.8147328654408703
